Filename,Width,Height,Aspect ratio,File format,File size,Screenshot type,Visual contents,Brand / Design signals,Candidate group,Confidence,Notes,SHA256,Source URL
Screenshot 2026-10-08 at 18.27.58.png,3446,1470,2.344218,PNG,2018807,Desktop,"Hero: AirREGI logo, desktop navigation, POS hardware photograph, orange registration CTA and consultation CTA","AirREGI/Airレジ; cyan blue, pale blue, white; rounded CTA; Japanese sans-serif",Reference Group 01 — Airレジ,High,"Visual section order 01; consistent product, typography, colors and section sequence; mobile behavior not observable",b5be373e9af3183979931d58efe05bed28c8e0be137b11ddd782839711e42926,https://drive.google.com/file/d/1fRchvSa1UQT7PJ2eQDUbNiSwOSc57rt6/view?usp=drivesdk
Screenshot 2026-10-08 at 18.28.07.png,3454,1546,2.234153,PNG,581175,Desktop,Announcements: outlined banner links and introductory video teaser,"AirREGI/Airレジ; cyan blue, pale blue, white; rounded CTA; Japanese sans-serif",Reference Group 01 — Airレジ,High,"Visual section order 02; consistent product, typography, colors and section sequence; mobile behavior not observable",11d3ba1d39f868a80f0378be5728b43f2faeed1621d875783e6a32dc7b073576,https://drive.google.com/file/d/1XC0dqqUUKJfSzMd2wJD8KHC2sDnfLa9j/view?usp=drivesdk
Screenshot 2026-10-08 at 18.28.14.png,3454,1170,2.952137,PNG,263479,Desktop,Blue value proposition band with three white line icons,"AirREGI/Airレジ; cyan blue, pale blue, white; rounded CTA; Japanese sans-serif",Reference Group 01 — Airレジ,High,"Visual section order 03; consistent product, typography, colors and section sequence; mobile behavior not observable",e22c5c43348563808a100a41a8cf22cc853aef5bc13b994b2e99b79d6ac41c1a,https://drive.google.com/file/d/1gThBr1nXX0wG5tQRvIuB-O6m3pDvKE-A/view?usp=drivesdk
Screenshot 2026-10-08 at 18.28.22.png,3398,942,3.607219,PNG,1325687,Desktop,"Video poster: tablet, play button, Airレジ title","AirREGI/Airレジ; cyan blue, pale blue, white; rounded CTA; Japanese sans-serif",Reference Group 01 — Airレジ,High,"Visual section order 04; consistent product, typography, colors and section sequence; mobile behavior not observable",24488835e963d107fabf6058e27c6efe7fb16e8064cef1032302d1b5d1aebbf1,https://drive.google.com/file/d/1zhX9a18h6cG_uEe-cwqUA5MgElTLsItR/view?usp=drivesdk
Screenshot 2026-10-08 at 18.28.32.png,3432,1548,2.217054,PNG,612195,Desktop,"Reasons intro and feature 1: cashless payments, text left and devices right","AirREGI/Airレジ; cyan blue, pale blue, white; rounded CTA; Japanese sans-serif",Reference Group 01 — Airレジ,High,"Visual section order 05; consistent product, typography, colors and section sequence; mobile behavior not observable",ace451d4a1fc5ce6c8260cbf597e3dc594079201c6efafa2ede6382d24da6bbb,https://drive.google.com/file/d/1uNYIDoFUTw_xeJd3fGSRX6SOHe3eRgqZ/view?usp=drivesdk
Screenshot 2026-10-08 at 18.28.40.png,3370,1690,1.994083,PNG,655003,Desktop,"Feature 2: POS tablet left, numbered text right; campaign banner above","AirREGI/Airレジ; cyan blue, pale blue, white; rounded CTA; Japanese sans-serif",Reference Group 01 — Airレジ,High,"Visual section order 06; consistent product, typography, colors and section sequence; mobile behavior not observable",6b62454b5e05882940f72d22f346b87ce1145421094b35cb1569a8b61c79184d,https://drive.google.com/file/d/1qRrdnYh-SnVaO1C0WzqW9fmnT_nAS8mu/view?usp=drivesdk
Screenshot 2026-10-08 at 18.28.49.png,3454,986,3.503043,PNG,401400,Desktop,Feature 3: sales reporting; text left and tablet chart right,"AirREGI/Airレジ; cyan blue, pale blue, white; rounded CTA; Japanese sans-serif",Reference Group 01 — Airレジ,High,"Visual section order 07; consistent product, typography, colors and section sequence; mobile behavior not observable",3f36456c501e436a79de2dd963b28fe45bc904cee17436ecbefb30e25ec3ac72,https://drive.google.com/file/d/1Tj4X3b5T54xI8glbBZmmj2cou-tZyfLF/view?usp=drivesdk
Screenshot 2026-10-08 at 18.28.58.png,3410,1070,3.186916,PNG,418873,Desktop,Feature 4: accounting/service integration logos left and copy right,"AirREGI/Airレジ; cyan blue, pale blue, white; rounded CTA; Japanese sans-serif",Reference Group 01 — Airレジ,High,"Visual section order 08; consistent product, typography, colors and section sequence; mobile behavior not observable",9f94dd9c9a292e37218a4662086ffae7ba81c3416a594cf6bfeb429a4c9b0df0,https://drive.google.com/file/d/1YvfGs0ur7EEoszkWyq5MUMsFxPdo1b2H/view?usp=drivesdk
Screenshot 2026-10-08 at 18.29.05 1.png,3430,936,3.66453,PNG,228115,Desktop,Feature 5: zero-cost proposition with blue pictograms and large 0円,"AirREGI/Airレジ; cyan blue, pale blue, white; rounded CTA; Japanese sans-serif",Reference Group 01 — Airレジ,High,"Visual section order 09; consistent product, typography, colors and section sequence; mobile behavior not observable",4e6585c0de7a52151d7c30eeb1fd042973954495d8cb37c60990784f13d8ff73,https://drive.google.com/file/d/1yXkEOkCQhbKKAuk4dMQvSZGmv3RZK5cq/view?usp=drivesdk
Screenshot 2026-10-08 at 18.29.21.png,3456,1122,3.080214,PNG,1641602,Desktop,"Related services: three photo columns for payments, ordering and reservations","AirREGI/Airレジ; cyan blue, pale blue, white; rounded CTA; Japanese sans-serif",Reference Group 01 — Airレジ,High,"Visual section order 10; consistent product, typography, colors and section sequence; mobile behavior not observable",a7d1e1279adafd2b357d551d251d91734a6b27e7028018350ffa4ac609d8febe,https://drive.google.com/file/d/1U-ZDEG6ktJmWHcmhQEWsxahyEtuSOMlq/view?usp=drivesdk
Screenshot 2026-10-08 at 18.29.29.png,3456,1092,3.164835,PNG,4072853,Desktop,"Trust banner: customer portrait mosaic, dark overlay, white claim and award badge","AirREGI/Airレジ; cyan blue, pale blue, white; rounded CTA; Japanese sans-serif",Reference Group 01 — Airレジ,High,"Visual section order 11; consistent product, typography, colors and section sequence; mobile behavior not observable",b90204cf740530825f1366ffd897dede66c101180480cbb378b26c2d44047704,https://drive.google.com/file/d/17SINFP-yrW-VxyX850P0LkT7xA_F4AGq/view?usp=drivesdk
Screenshot 2026-10-08 at 18.29.37.png,3456,1156,2.989619,PNG,2305453,Desktop,Testimonials: three photo cards with store names and copy,"AirREGI/Airレジ; cyan blue, pale blue, white; rounded CTA; Japanese sans-serif",Reference Group 01 — Airレジ,High,"Visual section order 12; consistent product, typography, colors and section sequence; mobile behavior not observable",406e21f04f61cf98f994e782e8eaca2c3a687510120c7cde69e8bb7028972926,https://drive.google.com/file/d/12lOueKiK576jQjqczMwn9amUrWRwJK7F/view?usp=drivesdk
Screenshot 2026-10-08 at 18.29.46.png,3418,1032,3.312016,PNG,237650,Desktop,Feature directory: centered heading and icon links in a multi-column grid,"AirREGI/Airレジ; cyan blue, pale blue, white; rounded CTA; Japanese sans-serif",Reference Group 01 — Airレジ,High,"Visual section order 13; consistent product, typography, colors and section sequence; mobile behavior not observable",9e0884e8eb2373449f539bd21e7825d0bdc6abc9cbb3416f0f2cead84a726d4a,https://drive.google.com/file/d/17m0IVOwDiLT6oHrAaV0saVh-pcnp-7li/view?usp=drivesdk
Screenshot 2026-10-08 at 18.29.54.png,3454,1724,2.00348,PNG,1815576,Desktop,"Industries: four photo cards, followed by three update rows","AirREGI/Airレジ; cyan blue, pale blue, white; rounded CTA; Japanese sans-serif",Reference Group 01 — Airレジ,High,"Visual section order 14; consistent product, typography, colors and section sequence; mobile behavior not observable",f45978b5d1cf3c3ab483e0bc06fd0087c46a149dfa5415cbf9b0a3c8f946200d,https://drive.google.com/file/d/1Deh3_TgVglBqi2gwpwNjT8WeBPRsmaF3/view?usp=drivesdk
Screenshot 2026-10-08 at 18.30.02.png,3452,1376,2.508721,PNG,366110,Desktop,Onboarding: four circular steps with registration CTA and App Store badge,"AirREGI/Airレジ; cyan blue, pale blue, white; rounded CTA; Japanese sans-serif",Reference Group 01 — Airレジ,High,"Visual section order 15; consistent product, typography, colors and section sequence; mobile behavior not observable",d042e0b92c8aa7f3eb5ba960ae7d5e3f6917f19205691dbcfccf7a468c44a579,https://drive.google.com/file/d/1ghReDMRzmVDHDOG25zGnREPhakezWP60/view?usp=drivesdk
Screenshot 2026-10-08 at 18.30.07.png,3456,1354,2.552437,PNG,794265,Desktop,"Peripherals: solid blue band, five hardware cutouts and centered CTA","AirREGI/Airレジ; cyan blue, pale blue, white; rounded CTA; Japanese sans-serif",Reference Group 01 — Airレジ,High,"Visual section order 16; consistent product, typography, colors and section sequence; mobile behavior not observable",6a15028cea7fa85b06f390730d9cf9be6dc35ff0fb54c76994ba0b4433130603,https://drive.google.com/file/d/1gmcAT69snB2_uzwkXRXv3H3MZrRXwGUR/view?usp=drivesdk
Screenshot 2026-10-08 at 18.30.20.png,3456,1760,1.963636,PNG,2760364,Desktop,"Support: pale blue background, two photo cards for in-store and phone support","AirREGI/Airレジ; cyan blue, pale blue, white; rounded CTA; Japanese sans-serif",Reference Group 01 — Airレジ,High,"Visual section order 17; consistent product, typography, colors and section sequence; mobile behavior not observable",0dec702f12c667f64c38f86c8fcb67065fbb0515e1343c20ea214cd0da17f01f,https://drive.google.com/file/d/1SQgPvGy7KFthf_NHVJ904E1oAfRba7ia/view?usp=drivesdk
Screenshot 2026-10-08 at 18.30.29.png,3456,1602,2.157303,PNG,239693,Desktop,"FAQ: centered heading, seven question rows and pill-shaped link","AirREGI/Airレジ; cyan blue, pale blue, white; rounded CTA; Japanese sans-serif",Reference Group 01 — Airレジ,High,"Visual section order 18; consistent product, typography, colors and section sequence; mobile behavior not observable",83ff44fd447f3614dab56752ec92f7695b8edf3f83552a9df0791836c9103cf6,https://drive.google.com/file/d/1MpG3vgMD0X6-7r4LucVshw83glO3Rhyi/view?usp=drivesdk
Screenshot 2026-10-08 at 18.30.38.png,3428,1436,2.387187,PNG,477933,Desktop,"Final CTA: AirREGI wordmark, tablet/phone visual, orange registration CTA and App Store badge","AirREGI/Airレジ; cyan blue, pale blue, white; rounded CTA; Japanese sans-serif",Reference Group 01 — Airレジ,High,"Visual section order 19; consistent product, typography, colors and section sequence; mobile behavior not observable",adaa7313ec28c23cddbd54c9045cae91104eed6ac3c617c4640a788b00d27383,https://drive.google.com/file/d/13J7glj1Wy0cPMkc_t_23ajQnVqSkU6Xh/view?usp=drivesdk
Screenshot 2026-10-08 at 18.30.46.png,3456,1564,2.209719,PNG,693598,Desktop,"Resources: download thumbnails, article links and breadcrumb","AirREGI/Airレジ; cyan blue, pale blue, white; rounded CTA; Japanese sans-serif",Reference Group 01 — Airレジ,High,"Visual section order 20; consistent product, typography, colors and section sequence; mobile behavior not observable",fa7ed4cd19032ea43bd6a09fc5bfc946ed2907b2bcf0554afc7eb5225738b66e,https://drive.google.com/file/d/1h0pTaWX9iNasvmmAHemduc2NuY6c_chX/view?usp=drivesdk
Screenshot 2026-10-08 at 18.31.02.png,3454,1750,1.973714,PNG,623448,Desktop,Footer: dark gray multi-column navigation and related-service links,"AirREGI/Airレジ; cyan blue, pale blue, white; rounded CTA; Japanese sans-serif",Reference Group 01 — Airレジ,High,"Visual section order 21; consistent product, typography, colors and section sequence; mobile behavior not observable",8af9ad001617a79157e1988aeea702c571d9bd401ba32f99d1dd286500e60bae,https://drive.google.com/file/d/1p4CfFZg3pYm9uLlK7Zu1ACbR_BZeomW6/view?usp=drivesdk
